model,cond,ch,subject,nrmse,r
cnn,ss1,Fx,S001,0.12756907383164662,0.9035952296635648
cnn,ss1,Fx,S002,0.14629896453044014,0.8347303236891674
cnn,ss1,Fx,S003,0.07951190301138149,0.9511010783091324
cnn,ss1,Fx,S004,0.07907051363721451,0.9534367883331792
cnn,ss1,Fx,S005,0.09625156678404742,0.929981409779277
cnn,ss1,Fx,S006,0.099162279187037,0.9338290158895733
cnn,ss1,Fx,S007,0.09393038817386111,0.9276182907538292
cnn,ss1,Fx,S008,0.08899038245422941,0.949192552877438
cnn,ss1,Fx,S009,0.144522111883793,0.8474195937253485
cnn,ss1,Fx,S010,0.09541105554888037,0.9162003333313087
cnn,ss1,Fx,S011,0.08774841965484731,0.9481255947606358
cnn,ss1,Fx,S012,0.07333964593432014,0.9686644315197364
cnn,ss1,Fx,S013,0.10886494987347045,0.9012027899712144
cnn,ss1,Fx,S014,0.09696663647676122,0.9234594844956581
cnn,ss1,Fx,S015,0.09482644051472358,0.920751793648962
cnn,ss1,Fx,S016,0.22759015034236643,0.5489322535524078
cnn,ss1,Fx,S017,0.06651753762962888,0.9618333205920457
cnn,ss1,Fx,S018,0.08020953171097737,0.9507150225155504
cnn,ss1,Fx,S019,0.13746101906481886,0.884766754996984
cnn,ss1,Fz,S001,0.11211516382184833,0.9258640550112719
cnn,ss1,Fz,S002,0.0889431809522409,0.9346311183353151
cnn,ss1,Fz,S003,0.07811777172058026,0.9558459218217361
cnn,ss1,Fz,S004,0.0969198896851614,0.954816421142841
cnn,ss1,Fz,S005,0.10733053225296618,0.9380039302232391
cnn,ss1,Fz,S006,0.07573401119358794,0.9545104159829116
cnn,ss1,Fz,S007,0.10471428049051529,0.9057690131748786
cnn,ss1,Fz,S008,0.12169227663176112,0.9490468744073962
cnn,ss1,Fz,S009,0.13655183378715044,0.8427355279726977
cnn,ss1,Fz,S010,0.07214377191478082,0.946270038948513
cnn,ss1,Fz,S011,0.13562023613162122,0.9608456901434137
cnn,ss1,Fz,S012,0.0702691230956684,0.9589251573308544
cnn,ss1,Fz,S013,0.09744044837679079,0.922778188068198
cnn,ss1,Fz,S014,0.1188334569557756,0.8836915324796685
cnn,ss1,Fz,S015,0.07275980458904266,0.9628047731301693
cnn,ss1,Fz,S016,0.16293464011963202,0.8040243123313698
cnn,ss1,Fz,S017,0.059657058547701626,0.9724452087747989
cnn,ss1,Fz,S018,0.055306935901010094,0.9815826324202669
cnn,ss1,Fz,S019,0.08022005666528427,0.9579530413194421
cnn,ss123,Fx,S001,0.08605069676307102,0.9465467112386554
cnn,ss123,Fx,S002,0.11227433381993546,0.8929269509153848
cnn,ss123,Fx,S003,0.06812713167760714,0.9653308872811875
cnn,ss123,Fx,S004,0.07680044732483782,0.9500751918668243
cnn,ss123,Fx,S005,0.08915207393405819,0.9364065524065226
cnn,ss123,Fx,S006,0.10337207531581433,0.9277929242210212
cnn,ss123,Fx,S007,0.07478488940194299,0.9529536742482193
cnn,ss123,Fx,S008,0.09123636870025596,0.9393298956152519
cnn,ss123,Fx,S009,0.1536007021093314,0.8579302614380734
cnn,ss123,Fx,S010,0.07355206187694538,0.954027501529288
cnn,ss123,Fx,S011,0.0924747211365661,0.9458633620419918
cnn,ss123,Fx,S012,0.08199339806583235,0.9573124305116898
cnn,ss123,Fx,S013,0.09087393756088195,0.9392407331902753
cnn,ss123,Fx,S014,0.10770452619505233,0.898040223385658
cnn,ss123,Fx,S015,0.08916392953570255,0.9414506325719371
cnn,ss123,Fx,S016,0.16866784679456284,0.7577944309870647
cnn,ss123,Fx,S017,0.06584059593691999,0.9654336088913893
cnn,ss123,Fx,S018,0.07856709267818737,0.9489847656096182
cnn,ss123,Fx,S019,0.11838599059431915,0.8999492344083317
cnn,ss123,Fz,S001,0.0724394875282798,0.9705325617644689
cnn,ss123,Fz,S002,0.07630738836948418,0.9654480119553728
cnn,ss123,Fz,S003,0.062212302197835925,0.9756004784651302
cnn,ss123,Fz,S004,0.0817791919306761,0.968201640983312
cnn,ss123,Fz,S005,0.09416500720846249,0.956170349917444
cnn,ss123,Fz,S006,0.07586441254590336,0.9657288014744106
cnn,ss123,Fz,S007,0.07637143190576696,0.9618567725220541
cnn,ss123,Fz,S008,0.10443135572790822,0.9603414294502189
cnn,ss123,Fz,S009,0.12808705310555368,0.8925060111349009
cnn,ss123,Fz,S010,0.058705733725573854,0.9729303664712733
cnn,ss123,Fz,S011,0.11453964923419174,0.9696975260421756
cnn,ss123,Fz,S012,0.06624324830097893,0.9718018486781574
cnn,ss123,Fz,S013,0.08643695950259646,0.9460893496342552
cnn,ss123,Fz,S014,0.10194407543859461,0.9299993765504999
cnn,ss123,Fz,S015,0.05844630643941477,0.9772464899802323
cnn,ss123,Fz,S016,0.10085354906413807,0.9269526307802507
cnn,ss123,Fz,S017,0.06326988319618307,0.9748710276635534
cnn,ss123,Fz,S018,0.05651138261392258,0.9822796733038917
cnn,ss123,Fz,S019,0.07483409174452108,0.9700559258575443
cnn,ss2,Fx,S001,0.08004939826801806,0.9527898727034056
cnn,ss2,Fx,S002,0.11000085430035918,0.9034604708828186
cnn,ss2,Fx,S003,0.07011459993229181,0.962568582162756
cnn,ss2,Fx,S004,0.08463704540245706,0.9427721440469637
cnn,ss2,Fx,S005,0.07825647936915045,0.9474241917753754
cnn,ss2,Fx,S006,0.10408557169108117,0.9255631572755798
cnn,ss2,Fx,S007,0.073321430197707,0.9524879268201706
cnn,ss2,Fx,S008,0.09414395538211981,0.9356080647971065
cnn,ss2,Fx,S009,0.16095430121270454,0.8299885533168588
cnn,ss2,Fx,S010,0.08681903008554465,0.937064979289219
cnn,ss2,Fx,S011,0.09419696233657025,0.9295888100212691
cnn,ss2,Fx,S012,0.08359769045283191,0.9549405452470474
cnn,ss2,Fx,S013,0.08947235770581465,0.9370402061857399
cnn,ss2,Fx,S015,0.07066225094140054,0.9596397152173578
cnn,ss2,Fx,S016,0.1007996094808568,0.9190028238707005
cnn,ss2,Fx,S017,0.05940704469749264,0.970311068191257
cnn,ss2,Fx,S018,0.10454026720928809,0.9086252871573285
cnn,ss2,Fx,S019,0.14537395853963916,0.8446372717400905
cnn,ss2,Fz,S001,0.07453680647015253,0.9707834802284835
cnn,ss2,Fz,S002,0.08926462811499006,0.9640831403577107
cnn,ss2,Fz,S003,0.06241049205566428,0.9781538569367839
cnn,ss2,Fz,S004,0.10654594442980657,0.9586600104044336
cnn,ss2,Fz,S005,0.1028328011474323,0.9465132543530703
cnn,ss2,Fz,S006,0.07603398202356047,0.9640228053732703
cnn,ss2,Fz,S007,0.08116047532375702,0.955311831453664
cnn,ss2,Fz,S008,0.11200407420277936,0.9569445567083074
cnn,ss2,Fz,S009,0.1374504088259587,0.8822689311061361
cnn,ss2,Fz,S010,0.06645211333778263,0.967005420454728
cnn,ss2,Fz,S011,0.11678408171919787,0.9698313230372122
cnn,ss2,Fz,S012,0.06435217013992534,0.9753998103556099
cnn,ss2,Fz,S013,0.08722053722762067,0.9460822130692692
cnn,ss2,Fz,S015,0.058503340254288584,0.9770074783836825
cnn,ss2,Fz,S016,0.0977382039758135,0.9411302547934156
cnn,ss2,Fz,S017,0.05742517670615246,0.9787990006279947
cnn,ss2,Fz,S018,0.08167139087470662,0.9655167048212986
cnn,ss2,Fz,S019,0.08485964966714328,0.9593414404699817
cnn,ss3,Fx,S001,0.07151738184095824,0.9570261073931766
cnn,ss3,Fx,S002,0.1015753351596678,0.9122524234277365
cnn,ss3,Fx,S003,0.05689739406320806,0.9766999208319012
cnn,ss3,Fx,S004,0.06282788041559004,0.9684872429693336
cnn,ss3,Fx,S005,0.08287964551971255,0.9413695084116808
cnn,ss3,Fx,S006,0.09448850538214384,0.9390673937068743
cnn,ss3,Fx,S007,0.06671506473419889,0.9639321911349521
cnn,ss3,Fx,S008,0.10229881894470243,0.9290804831893081
cnn,ss3,Fx,S009,0.11752573125962588,0.9101345559705111
cnn,ss3,Fx,S010,0.07095926423284955,0.9589356940574956
cnn,ss3,Fx,S012,0.06551764103039749,0.9704465402593384
cnn,ss3,Fx,S013,0.07513735354743555,0.9543189423451044
cnn,ss3,Fx,S014,0.11245806437961141,0.8828156555847615
cnn,ss3,Fx,S015,0.07369649799771542,0.9552378951104525
cnn,ss3,Fx,S016,0.14139822917793105,0.8352786750527008
cnn,ss3,Fx,S017,0.06585860563984519,0.9684264195284924
cnn,ss3,Fx,S018,0.06226990591317756,0.967021021216038
cnn,ss3,Fx,S019,0.0771153476829184,0.9528547201808825
cnn,ss3,Fz,S001,0.05870726939238064,0.9816386956156838
cnn,ss3,Fz,S002,0.0693618025039813,0.9762826346756768
cnn,ss3,Fz,S003,0.0555765674264871,0.9861362992461286
cnn,ss3,Fz,S004,0.060571833035154524,0.9826346076970064
cnn,ss3,Fz,S005,0.08620982887118242,0.9616983750934038
cnn,ss3,Fz,S006,0.07011458784524262,0.9754450322378163
cnn,ss3,Fz,S007,0.06675886509744837,0.9740353065883149
cnn,ss3,Fz,S008,0.09518525310660467,0.9705039725578912
cnn,ss3,Fz,S009,0.1324858498210142,0.9192687941533768
cnn,ss3,Fz,S010,0.05652619181566275,0.9796236227173145
cnn,ss3,Fz,S012,0.07124996765348098,0.9708563220679864
cnn,ss3,Fz,S013,0.07011441836218038,0.9687983973387853
cnn,ss3,Fz,S014,0.08738881143932987,0.9594739149225017
cnn,ss3,Fz,S015,0.04846366626186191,0.9843117014067427
cnn,ss3,Fz,S016,0.0868921048711664,0.9663967609984665
cnn,ss3,Fz,S017,0.07020203754921463,0.9750144353131445
cnn,ss3,Fz,S018,0.05012570681441454,0.9878054000345057
cnn,ss3,Fz,S019,0.06075039373072143,0.9821949869500167
proposed,ss1,Fx,S001,0.09856280352944852,0.9172234665273019
proposed,ss1,Fx,S002,0.12889690784684263,0.844856199251465
proposed,ss1,Fx,S003,0.08959317200744688,0.9361866926891441
proposed,ss1,Fx,S004,0.073671452554818,0.968431269468573
proposed,ss1,Fx,S005,0.0753221465349458,0.9567503616720826
proposed,ss1,Fx,S006,0.08608627003691208,0.9635212017710875
proposed,ss1,Fx,S007,0.07789499641768598,0.9512591441457942
proposed,ss1,Fx,S008,0.07485428780968506,0.9624141531131817
proposed,ss1,Fx,S009,0.10700472704240833,0.8886563489545346
proposed,ss1,Fx,S010,0.0719068565654271,0.9536975961745545
proposed,ss1,Fx,S011,0.07153329315717166,0.966780495908907
proposed,ss1,Fx,S012,0.07942747847405653,0.9683258854332795
proposed,ss1,Fx,S013,0.09681083267169469,0.9230611175158607
proposed,ss1,Fx,S014,0.0920584870607273,0.9339889281187463
proposed,ss1,Fx,S015,0.09065766731599541,0.9276345843140967
proposed,ss1,Fx,S016,0.2185343002648975,0.5931266130932649
proposed,ss1,Fx,S017,0.06935203571074541,0.9605665756358863
proposed,ss1,Fx,S018,0.07966768200042952,0.9531940784044644
proposed,ss1,Fx,S019,0.10094698468421084,0.9302543724262653
proposed,ss1,Fz,S001,0.09030954488757309,0.9542948899011174
proposed,ss1,Fz,S002,0.0900446966685948,0.9321677055962817
proposed,ss1,Fz,S003,0.08096498425067547,0.9555635159690686
proposed,ss1,Fz,S004,0.07935160565936908,0.9641687439476516
proposed,ss1,Fz,S005,0.10891984539096168,0.9486806846154469
proposed,ss1,Fz,S006,0.07256925575404082,0.9570641717280659
proposed,ss1,Fz,S007,0.08349692497376315,0.9550331501854976
proposed,ss1,Fz,S008,0.10574394676440373,0.958556882491459
proposed,ss1,Fz,S009,0.1130038687162271,0.8934815374282943
proposed,ss1,Fz,S010,0.07293593826920682,0.945215157059325
proposed,ss1,Fz,S011,0.1127527642543427,0.9650237194763742
proposed,ss1,Fz,S012,0.08474286111322425,0.9563719350394324
proposed,ss1,Fz,S013,0.10183115368370782,0.9353088942006463
proposed,ss1,Fz,S014,0.11324300999739367,0.9083085452710165
proposed,ss1,Fz,S015,0.07177334834714219,0.9636310113066122
proposed,ss1,Fz,S016,0.170062821303326,0.7966730516420371
proposed,ss1,Fz,S017,0.053775754826047927,0.9799817628720642
proposed,ss1,Fz,S018,0.05763983020738182,0.9777113815285221
proposed,ss1,Fz,S019,0.07373754013660454,0.9606622786687238
proposed,ss123,Fx,S001,0.077672541558475,0.9593296943200413
proposed,ss123,Fx,S002,0.09679214293526484,0.9168057844151485
proposed,ss123,Fx,S003,0.06892100006058313,0.9629242134463539
proposed,ss123,Fx,S004,0.06770774717413869,0.965660561845974
proposed,ss123,Fx,S005,0.07143282607125265,0.9564511495166721
proposed,ss123,Fx,S006,0.0968638814988211,0.9333166212250418
proposed,ss123,Fx,S007,0.06436330225767962,0.9655388310585526
proposed,ss123,Fx,S008,0.09251824248751325,0.9360696633532616
proposed,ss123,Fx,S009,0.1069213667825256,0.9089463019619088
proposed,ss123,Fx,S010,0.06642036971343857,0.9641365980743405
proposed,ss123,Fx,S011,0.07258686460491857,0.9657046792507893
proposed,ss123,Fx,S012,0.07843852317771056,0.9601328021732936
proposed,ss123,Fx,S013,0.08018257581192043,0.9521165179784303
proposed,ss123,Fx,S014,0.10038799605066538,0.9127118743647296
proposed,ss123,Fx,S015,0.07721884668445406,0.9518127725607252
proposed,ss123,Fx,S016,0.12153027109440405,0.8800851548983086
proposed,ss123,Fx,S017,0.06252265907922441,0.9713841629175772
proposed,ss123,Fx,S018,0.07207477375439147,0.9573860564173053
proposed,ss123,Fx,S019,0.09468785854147556,0.9316591710385129
proposed,ss123,Fz,S001,0.06077248450245219,0.9792614526402752
proposed,ss123,Fz,S002,0.07559029988239273,0.9634292615641936
proposed,ss123,Fz,S003,0.06125163110819747,0.976912322645506
proposed,ss123,Fz,S004,0.06821761120761431,0.9762623452133908
proposed,ss123,Fz,S005,0.1031564015445212,0.9544758242618957
proposed,ss123,Fz,S006,0.07115866510446145,0.9714079242514548
proposed,ss123,Fz,S007,0.06778144953212294,0.9710830140732054
proposed,ss123,Fz,S008,0.1131074483886485,0.9605201139214745
proposed,ss123,Fz,S009,0.11198324811224643,0.9230544320364653
proposed,ss123,Fz,S010,0.06004003960327051,0.9723839259038254
proposed,ss123,Fz,S011,0.10696029795438088,0.971829200442969
proposed,ss123,Fz,S012,0.07093216247420364,0.9766043963116664
proposed,ss123,Fz,S013,0.0862171452236572,0.9512272380378175
proposed,ss123,Fz,S014,0.11180105684084218,0.9355277456463691
proposed,ss123,Fz,S015,0.056418826515956026,0.977140580506523
proposed,ss123,Fz,S016,0.09947618400796931,0.9363173611348139
proposed,ss123,Fz,S017,0.057534428313569,0.9795443600121239
proposed,ss123,Fz,S018,0.058390232848674346,0.9837019494178757
proposed,ss123,Fz,S019,0.06902561962456107,0.9737531905598935
proposed,ss2,Fx,S001,0.0728384368331337,0.9621809112969922
proposed,ss2,Fx,S002,0.10062718335898826,0.9010235621205198
proposed,ss2,Fx,S003,0.07610970221943658,0.9539319232177856
proposed,ss2,Fx,S004,0.07280268872651614,0.9601833201862567
proposed,ss2,Fx,S005,0.07546643074466408,0.9505519816410305
proposed,ss2,Fx,S006,0.10543225900190965,0.9217906378162669
proposed,ss2,Fx,S007,0.06777592978315798,0.959944190436641
proposed,ss2,Fx,S008,0.09528291107478766,0.9352861114802171
proposed,ss2,Fx,S009,0.11825832582043541,0.8836606346125169
proposed,ss2,Fx,S010,0.06942908602968785,0.9620733228603845
proposed,ss2,Fx,S011,0.0708491046568901,0.952350305118841
proposed,ss2,Fx,S012,0.09596882152527472,0.9384524804756114
proposed,ss2,Fx,S013,0.0728713358155523,0.9599061615749357
proposed,ss2,Fx,S015,0.06545256902274944,0.9641566164074876
proposed,ss2,Fx,S016,0.09018892993840423,0.9464208800853531
proposed,ss2,Fx,S017,0.053968004622438205,0.977148708945136
proposed,ss2,Fx,S018,0.1043800891164911,0.9099809208213568
proposed,ss2,Fx,S019,0.12104753446339313,0.8917313281786838
proposed,ss2,Fz,S001,0.06285185613837044,0.9787035922270265
proposed,ss2,Fz,S002,0.07208990788958425,0.9647446082107989
proposed,ss2,Fz,S003,0.05908476892546145,0.9805223928158844
proposed,ss2,Fz,S004,0.07508025042237376,0.9721373539196096
proposed,ss2,Fz,S005,0.10740672860898239,0.9515690905605398
proposed,ss2,Fz,S006,0.07496779256789161,0.9699357516831436
proposed,ss2,Fz,S007,0.07257429687319475,0.9662533323498609
proposed,ss2,Fz,S008,0.12005931087541133,0.958853363318424
proposed,ss2,Fz,S009,0.106259732696887,0.9310371060100995
proposed,ss2,Fz,S010,0.058013701728637304,0.9754021365908739
proposed,ss2,Fz,S011,0.1003129800020747,0.9742692343444938
proposed,ss2,Fz,S012,0.0703747953298854,0.9777781075886648
proposed,ss2,Fz,S013,0.08016260495586512,0.9576517262824693
proposed,ss2,Fz,S015,0.05621228875087452,0.9782043950144703
proposed,ss2,Fz,S016,0.08351414317943541,0.9612825099206774
proposed,ss2,Fz,S017,0.0505448583149825,0.9795540063451579
proposed,ss2,Fz,S018,0.07623990164720759,0.9679751501212878
proposed,ss2,Fz,S019,0.08165302371435817,0.9623979801983829
proposed,ss3,Fx,S001,0.061372879405081786,0.9690843398558788
proposed,ss3,Fx,S002,0.09450313579811774,0.9330440989904972
proposed,ss3,Fx,S003,0.0432733817357004,0.9846240197020655
proposed,ss3,Fx,S004,0.052730017639071716,0.9768372248596615
proposed,ss3,Fx,S005,0.07032168914026225,0.9576599238310485
proposed,ss3,Fx,S006,0.09433927154265533,0.9381736191086643
proposed,ss3,Fx,S007,0.05117443990817185,0.9793994195447304
proposed,ss3,Fx,S008,0.09975664152498927,0.9297419889511006
proposed,ss3,Fx,S009,0.10517039809145075,0.9114822035668463
proposed,ss3,Fx,S010,0.05615373086487964,0.9762706130116251
proposed,ss3,Fx,S012,0.05633999152242648,0.9788151023652261
proposed,ss3,Fx,S013,0.06057012445073013,0.9714282674185974
proposed,ss3,Fx,S014,0.09187396961568116,0.9230392365793507
proposed,ss3,Fx,S015,0.060997109078960284,0.9702282485768012
proposed,ss3,Fx,S016,0.10795776621424184,0.9162150592259921
proposed,ss3,Fx,S017,0.05777555766233565,0.9759498486619862
proposed,ss3,Fx,S018,0.050164193334163956,0.9798121311421585
proposed,ss3,Fx,S019,0.06596440174681427,0.9691692245046076
proposed,ss3,Fz,S001,0.05840615537256889,0.9852532950201842
proposed,ss3,Fz,S002,0.0740718362803502,0.9720284779482459
proposed,ss3,Fz,S003,0.04869384660152275,0.9888892829186078
proposed,ss3,Fz,S004,0.05045179610239506,0.98741796706082
proposed,ss3,Fz,S005,0.08565796119925691,0.9623715546979762
proposed,ss3,Fz,S006,0.06668833058297685,0.9779329399478442
proposed,ss3,Fz,S007,0.05884496313161022,0.9807458412440725
proposed,ss3,Fz,S008,0.09319042809083428,0.9705131708290095
proposed,ss3,Fz,S009,0.11128625405243073,0.9441207905799526
proposed,ss3,Fz,S010,0.04980667908900856,0.983945573623922
proposed,ss3,Fz,S012,0.05653047013225534,0.9851151710358128
proposed,ss3,Fz,S013,0.07470486743551924,0.9672237458371008
proposed,ss3,Fz,S014,0.08810049416381859,0.957026745320989
proposed,ss3,Fz,S015,0.04749538466584416,0.9857552216719624
proposed,ss3,Fz,S016,0.07543517218215104,0.9753933108472224
proposed,ss3,Fz,S017,0.06521340683593738,0.9764164232299687
proposed,ss3,Fz,S018,0.0504904856382742,0.990240192903481
proposed,ss3,Fz,S019,0.05404334476782762,0.9865883403461336
transformer,ss1,Fx,S001,0.09947365111681547,0.9119330272605948
transformer,ss1,Fx,S002,0.11444421744680047,0.8500421805500832
transformer,ss1,Fx,S003,0.05872638720585579,0.9709666901240482
transformer,ss1,Fx,S004,0.06928264840958546,0.9604159654580244
transformer,ss1,Fx,S005,0.07581520877098329,0.9472891032580728
transformer,ss1,Fx,S006,0.08760249830393611,0.9423877028333834
transformer,ss1,Fx,S007,0.07802371004963857,0.9485636577257601
transformer,ss1,Fx,S008,0.07761024353322803,0.9472766597550609
transformer,ss1,Fx,S009,0.16065966895577966,0.7428207250680201
transformer,ss1,Fx,S010,0.08504830741064381,0.9276473343079057
transformer,ss1,Fx,S011,0.0722744740851126,0.9704736677159487
transformer,ss1,Fx,S012,0.06196433786103657,0.9793883068659963
transformer,ss1,Fx,S013,0.10021331148737155,0.9148325469884387
transformer,ss1,Fx,S014,0.09149398814770397,0.9240135313852866
transformer,ss1,Fx,S015,0.08189149294274356,0.9418482101471108
transformer,ss1,Fx,S016,0.18413887325902242,0.7516251814080249
transformer,ss1,Fx,S017,0.06260339081832686,0.9691684576188236
transformer,ss1,Fx,S018,0.07531559902589291,0.9580791700531779
transformer,ss1,Fx,S019,0.10235450352916496,0.9347129318952923
transformer,ss1,Fz,S001,0.08823608533918047,0.9527936621652273
transformer,ss1,Fz,S002,0.09853357783328431,0.9331637148051218
transformer,ss1,Fz,S003,0.06582116346082943,0.9695042458083297
transformer,ss1,Fz,S004,0.09678546723031801,0.9616404762289492
transformer,ss1,Fz,S005,0.09665659090379883,0.9464580956196395
transformer,ss1,Fz,S006,0.07744862707999817,0.9552245326283083
transformer,ss1,Fz,S007,0.09853950519593718,0.9497663423951724
transformer,ss1,Fz,S008,0.09748064006187446,0.9633218696550256
transformer,ss1,Fz,S009,0.09870635536074066,0.9184190711205614
transformer,ss1,Fz,S010,0.0823063426354901,0.9327968086304887
transformer,ss1,Fz,S011,0.11241726982246839,0.968164001910123
transformer,ss1,Fz,S012,0.07111887656955082,0.9680639071786115
transformer,ss1,Fz,S013,0.08056710466503308,0.9530218694389138
transformer,ss1,Fz,S014,0.11134110896938482,0.9233658904891989
transformer,ss1,Fz,S015,0.06456628268798019,0.9690413761776827
transformer,ss1,Fz,S016,0.15422933842336722,0.829795359061482
transformer,ss1,Fz,S017,0.0576204477316083,0.9749730302412007
transformer,ss1,Fz,S018,0.058882243643432794,0.9806928971421324
transformer,ss1,Fz,S019,0.06876042864646795,0.9681306981805162
transformer,ss123,Fx,S001,0.07878334329134438,0.9674357961637422
transformer,ss123,Fx,S002,0.10343634843662916,0.9082831241274815
transformer,ss123,Fx,S003,0.045075885397252484,0.9842121464576036
transformer,ss123,Fx,S004,0.057032251164033695,0.9748488866309196
transformer,ss123,Fx,S005,0.059911837631114746,0.9684321863591989
transformer,ss123,Fx,S006,0.0849151430224735,0.9478685677549102
transformer,ss123,Fx,S007,0.06001877456714009,0.9705083722787388
transformer,ss123,Fx,S008,0.07701990146120422,0.954912050576624
transformer,ss123,Fx,S009,0.1389868825693225,0.8446431873986066
transformer,ss123,Fx,S010,0.05682195624360963,0.9742396254796319
transformer,ss123,Fx,S011,0.06916187994392652,0.97891347534503
transformer,ss123,Fx,S012,0.06794174067693816,0.9648951610484993
transformer,ss123,Fx,S013,0.07202301160884964,0.9573069144214903
transformer,ss123,Fx,S014,0.0891736767828891,0.9324917475092372
transformer,ss123,Fx,S015,0.07025240736349303,0.9590494476778031
transformer,ss123,Fx,S016,0.11271913872257337,0.9144826953881349
transformer,ss123,Fx,S017,0.05702572978199691,0.9762678584895045
transformer,ss123,Fx,S018,0.07028539532449306,0.9600602082540771
transformer,ss123,Fx,S019,0.08811054698669886,0.9517413220456847
transformer,ss123,Fz,S001,0.06563960505874565,0.9752854712881336
transformer,ss123,Fz,S002,0.08882127645921448,0.9688521665297265
transformer,ss123,Fz,S003,0.05113325884925774,0.9832999189107239
transformer,ss123,Fz,S004,0.06842502637515764,0.9796052310711004
transformer,ss123,Fz,S005,0.08126072920973888,0.9670600306247856
transformer,ss123,Fz,S006,0.06737665492697521,0.971357688069559
transformer,ss123,Fz,S007,0.07584918415927858,0.9718946211549211
transformer,ss123,Fz,S008,0.10531325819721617,0.9626496965844059
transformer,ss123,Fz,S009,0.08399912616499156,0.9577918148239137
transformer,ss123,Fz,S010,0.058445049792316406,0.9747698263786015
transformer,ss123,Fz,S011,0.10317608533315877,0.9789354071713171
transformer,ss123,Fz,S012,0.061680568829275376,0.9761366560045922
transformer,ss123,Fz,S013,0.06821350593043149,0.967165309811521
transformer,ss123,Fz,S014,0.10629697570890363,0.9365635176733754
transformer,ss123,Fz,S015,0.05779957310347973,0.9775142510254727
transformer,ss123,Fz,S016,0.10507204357696416,0.9373443387283132
transformer,ss123,Fz,S017,0.05689584847924115,0.97913433941917
transformer,ss123,Fz,S018,0.05674959430417388,0.9863565314038628
transformer,ss123,Fz,S019,0.06524937804403073,0.9753261074431283
transformer,ss2,Fx,S001,0.0744591714130747,0.9619522012911046
transformer,ss2,Fx,S002,0.12837674490712406,0.8411960374995063
transformer,ss2,Fx,S003,0.053093708867171956,0.9817763360975267
transformer,ss2,Fx,S004,0.06147243429002958,0.9693317016294863
transformer,ss2,Fx,S005,0.06192964400490715,0.9651626733831711
transformer,ss2,Fx,S006,0.11326507130569705,0.9059127292878649
transformer,ss2,Fx,S007,0.06137310822618292,0.9678158371333064
transformer,ss2,Fx,S008,0.07728161260771667,0.9537303153059191
transformer,ss2,Fx,S009,0.16270737402788868,0.7679649912921368
transformer,ss2,Fx,S010,0.07522145663012071,0.9576142352396573
transformer,ss2,Fx,S011,0.05703621334270559,0.9801392345517109
transformer,ss2,Fx,S012,0.08353323380225622,0.9536246789778349
transformer,ss2,Fx,S013,0.06071314082971496,0.9730668842094616
transformer,ss2,Fx,S015,0.06662060066006145,0.9654195013866396
transformer,ss2,Fx,S016,0.057211185298581185,0.9763275970423688
transformer,ss2,Fx,S017,0.05370854042573591,0.9787747450996827
transformer,ss2,Fx,S018,0.08941393677284915,0.9362982882045362
transformer,ss2,Fx,S019,0.10817311492413499,0.9220598427794274
transformer,ss2,Fz,S001,0.06563212943690797,0.9733243881774646
transformer,ss2,Fz,S002,0.09473539939447513,0.9596279918236791
transformer,ss2,Fz,S003,0.05411405639602958,0.986025612866417
transformer,ss2,Fz,S004,0.08795799191688648,0.9726667158895265
transformer,ss2,Fz,S005,0.0972632109140831,0.9641786653175316
transformer,ss2,Fz,S006,0.0694458095629235,0.9702571583421477
transformer,ss2,Fz,S007,0.08520931652390756,0.9600543943002771
transformer,ss2,Fz,S008,0.10351389025361311,0.9602062238652247
transformer,ss2,Fz,S009,0.0925562592482674,0.9463461020279876
transformer,ss2,Fz,S010,0.07158035182143335,0.9633990877915087
transformer,ss2,Fz,S011,0.10697650370947118,0.9751192103379283
transformer,ss2,Fz,S012,0.054044743829616444,0.9848307447400159
transformer,ss2,Fz,S013,0.07043115342818984,0.967391782774565
transformer,ss2,Fz,S015,0.0568010342293277,0.9797864530214346
transformer,ss2,Fz,S016,0.06149803760295824,0.9777204252290534
transformer,ss2,Fz,S017,0.056394152559443904,0.9743436634603507
transformer,ss2,Fz,S018,0.06890702236814374,0.9774471962871242
transformer,ss2,Fz,S019,0.07588011995024775,0.9675080905226932
transformer,ss3,Fx,S001,0.05634472600496588,0.9800396291705693
transformer,ss3,Fx,S002,0.11980754390191353,0.8843323557488235
transformer,ss3,Fx,S003,0.03669790542730645,0.9898552766154342
transformer,ss3,Fx,S004,0.050945457627960926,0.977846758871788
transformer,ss3,Fx,S005,0.06421879514219092,0.9660362707515459
transformer,ss3,Fx,S006,0.07973655506312734,0.9557787812394849
transformer,ss3,Fx,S007,0.05586829266435698,0.974581693513511
transformer,ss3,Fx,S008,0.10885847368806859,0.9110125094536424
transformer,ss3,Fx,S009,0.12113527288974965,0.8893285770719442
transformer,ss3,Fx,S010,0.05943096859996258,0.9708729039134433
transformer,ss3,Fx,S012,0.04965103334135987,0.9843255596083822
transformer,ss3,Fx,S013,0.09292607098963386,0.9314481659422739
transformer,ss3,Fx,S014,0.09787676193880791,0.9147562450282424
transformer,ss3,Fx,S015,0.07648705508607669,0.9546336638258268
transformer,ss3,Fx,S016,0.08052364613370025,0.9589192268323763
transformer,ss3,Fx,S017,0.055277224207304916,0.9757643960286224
transformer,ss3,Fx,S018,0.05062140749982014,0.9810834696014049
transformer,ss3,Fx,S019,0.061015212229436074,0.9750255589565322
transformer,ss3,Fz,S001,0.05225955673692873,0.9839974133314057
transformer,ss3,Fz,S002,0.08731535827212718,0.9679596423795745
transformer,ss3,Fz,S003,0.046565372880426684,0.9916685182486993
transformer,ss3,Fz,S004,0.05702856790957536,0.9871222595506681
transformer,ss3,Fz,S005,0.07943706130062966,0.9658784597488967
transformer,ss3,Fz,S006,0.059263727883891275,0.9818902825346784
transformer,ss3,Fz,S007,0.06748716162886093,0.9820106075046956
transformer,ss3,Fz,S008,0.10179673350544914,0.9635927253417006
transformer,ss3,Fz,S009,0.0721800847341839,0.9740355071365913
transformer,ss3,Fz,S010,0.05451869080578904,0.9800916240811282
transformer,ss3,Fz,S012,0.060951243262485605,0.9799920707524887
transformer,ss3,Fz,S013,0.06761465629692069,0.9726037922910541
transformer,ss3,Fz,S014,0.10330194089826907,0.9415065528553519
transformer,ss3,Fz,S015,0.05321233516052891,0.9824819460974231
transformer,ss3,Fz,S016,0.08377423871444527,0.9766574062600631
transformer,ss3,Fz,S017,0.060245090109584634,0.9795732107902737
transformer,ss3,Fz,S018,0.04455550231996519,0.9909522393892584
transformer,ss3,Fz,S019,0.04708395673345333,0.9875422334593069
wo_biomech_arch,ss1,Fx,S001,0.11275163060573327,0.9188596271109318
wo_biomech_arch,ss1,Fx,S002,0.13437440461748973,0.8389076255435165
wo_biomech_arch,ss1,Fx,S003,0.08939039626021224,0.9353878080545772
wo_biomech_arch,ss1,Fx,S004,0.08090728447812777,0.9467756896682504
wo_biomech_arch,ss1,Fx,S005,0.08991040846127654,0.9375303332002857
wo_biomech_arch,ss1,Fx,S006,0.09560764363401275,0.9451926558220654
wo_biomech_arch,ss1,Fx,S007,0.08561894077306408,0.9371329217049802
wo_biomech_arch,ss1,Fx,S008,0.09101708315506804,0.9401478989055512
wo_biomech_arch,ss1,Fx,S009,0.12170992805433457,0.869260013591672
wo_biomech_arch,ss1,Fx,S010,0.09018628691374753,0.9250055238228693
wo_biomech_arch,ss1,Fx,S011,0.08999251654372974,0.9459206444347624
wo_biomech_arch,ss1,Fx,S012,0.0794548808378891,0.9624346738171308
wo_biomech_arch,ss1,Fx,S013,0.10451390846413891,0.909471280991811
wo_biomech_arch,ss1,Fx,S014,0.10493774420438261,0.9101156662804453
wo_biomech_arch,ss1,Fx,S015,0.09424811634264157,0.9217259721524754
wo_biomech_arch,ss1,Fx,S016,0.2197653473496497,0.5891479908989649
wo_biomech_arch,ss1,Fx,S017,0.07228784087132731,0.9514603498975214
wo_biomech_arch,ss1,Fx,S018,0.08365422113074507,0.9476127010794662
wo_biomech_arch,ss1,Fx,S019,0.1327168476372293,0.8969439657337636
wo_biomech_arch,ss1,Fz,S001,0.10256006107703751,0.9328646138435054
wo_biomech_arch,ss1,Fz,S002,0.0879121046940747,0.936250728125947
wo_biomech_arch,ss1,Fz,S003,0.08311471128479431,0.953573635251997
wo_biomech_arch,ss1,Fz,S004,0.08498942674795577,0.9573071922217422
wo_biomech_arch,ss1,Fz,S005,0.09825958410772141,0.9446041382138822
wo_biomech_arch,ss1,Fz,S006,0.07112863967708404,0.9568493935926498
wo_biomech_arch,ss1,Fz,S007,0.09168683657845754,0.9307929343338895
wo_biomech_arch,ss1,Fz,S008,0.12267741293883602,0.951507401334858
wo_biomech_arch,ss1,Fz,S009,0.12024138288916333,0.8782406888242545
wo_biomech_arch,ss1,Fz,S010,0.07170243245555645,0.9466728445880639
wo_biomech_arch,ss1,Fz,S011,0.12041404418373487,0.9637156753156074
wo_biomech_arch,ss1,Fz,S012,0.0751315238614915,0.9555732159127701
wo_biomech_arch,ss1,Fz,S013,0.10070599075727435,0.9172387618905505
wo_biomech_arch,ss1,Fz,S014,0.13685701936534478,0.8429779317057281
wo_biomech_arch,ss1,Fz,S015,0.07255355555794415,0.9626302045937271
wo_biomech_arch,ss1,Fz,S016,0.1464289131276083,0.8428296818688452
wo_biomech_arch,ss1,Fz,S017,0.05754178126004975,0.9735387195590371
wo_biomech_arch,ss1,Fz,S018,0.06471456996828955,0.9765745282765655
wo_biomech_arch,ss1,Fz,S019,0.0845644915391629,0.9526393224869103
wo_biomech_arch,ss123,Fx,S001,0.08095865031295778,0.9543604353762817
wo_biomech_arch,ss123,Fx,S002,0.10883639479337359,0.9013991442963643
wo_biomech_arch,ss123,Fx,S003,0.07431446414840413,0.9594329828549031
wo_biomech_arch,ss123,Fx,S004,0.07635051550873784,0.9517141559666475
wo_biomech_arch,ss123,Fx,S005,0.0854132278585865,0.9386720337427119
wo_biomech_arch,ss123,Fx,S006,0.10237732105340897,0.9261503194317008
wo_biomech_arch,ss123,Fx,S007,0.06884817129292199,0.9614272941422509
wo_biomech_arch,ss123,Fx,S008,0.09249875079796292,0.9393553695973138
wo_biomech_arch,ss123,Fx,S009,0.12808438220316679,0.8878157191158859
wo_biomech_arch,ss123,Fx,S010,0.07463463008305049,0.9531341283115823
wo_biomech_arch,ss123,Fx,S011,0.08763667526575024,0.9495615124792329
wo_biomech_arch,ss123,Fx,S012,0.08049745131137184,0.9600367060361156
wo_biomech_arch,ss123,Fx,S013,0.09009165566138967,0.9415021999402325
wo_biomech_arch,ss123,Fx,S014,0.11784182128238066,0.8751163598324455
wo_biomech_arch,ss123,Fx,S015,0.08822098491793456,0.9420907768825982
wo_biomech_arch,ss123,Fx,S016,0.15037001372471662,0.801621708191768
wo_biomech_arch,ss123,Fx,S017,0.07066791970796206,0.9612369114704771
wo_biomech_arch,ss123,Fx,S018,0.07429981627659246,0.9545967990982432
wo_biomech_arch,ss123,Fx,S019,0.11885368167690996,0.8946588834008228
wo_biomech_arch,ss123,Fz,S001,0.06488073029994842,0.975204383008522
wo_biomech_arch,ss123,Fz,S002,0.0743082633042236,0.9672826454997134
wo_biomech_arch,ss123,Fz,S003,0.06133127681956866,0.9747845544501278
wo_biomech_arch,ss123,Fz,S004,0.07847638240092895,0.968308357484985
wo_biomech_arch,ss123,Fz,S005,0.10018879210944916,0.9530902684534188
wo_biomech_arch,ss123,Fz,S006,0.07149845821287974,0.9681038695934729
wo_biomech_arch,ss123,Fz,S007,0.08003834661444197,0.9648678496951294
wo_biomech_arch,ss123,Fz,S008,0.11811735165500077,0.9584592551309402
wo_biomech_arch,ss123,Fz,S009,0.11121513991073602,0.9209139645776491
wo_biomech_arch,ss123,Fz,S010,0.062422822309813226,0.969213565386022
wo_biomech_arch,ss123,Fz,S011,0.11503238136300258,0.9671477360901714
wo_biomech_arch,ss123,Fz,S012,0.06717614080210711,0.9714686731491761
wo_biomech_arch,ss123,Fz,S013,0.08602618498576606,0.9465472627402592
wo_biomech_arch,ss123,Fz,S014,0.10903547740160272,0.9165120010812497
wo_biomech_arch,ss123,Fz,S015,0.056761928659331176,0.9775714534548084
wo_biomech_arch,ss123,Fz,S016,0.09888626889829578,0.9321131554541645
wo_biomech_arch,ss123,Fz,S017,0.06814278524409331,0.973520156235071
wo_biomech_arch,ss123,Fz,S018,0.05998797120795777,0.9821099190957459
wo_biomech_arch,ss123,Fz,S019,0.07173438839023345,0.97021357604004
wo_biomech_arch,ss2,Fx,S001,0.07633980924219023,0.971136509699339
wo_biomech_arch,ss2,Fx,S002,0.11448855612990812,0.9170510061730788
wo_biomech_arch,ss2,Fx,S003,0.07530480390513913,0.9524962365261842
wo_biomech_arch,ss2,Fx,S004,0.0920969404845881,0.9326511826023488
wo_biomech_arch,ss2,Fx,S005,0.07763920964250194,0.9499850747311328
wo_biomech_arch,ss2,Fx,S006,0.09235561150888481,0.9447004709989949
wo_biomech_arch,ss2,Fx,S007,0.07425078910960795,0.9542489085257331
wo_biomech_arch,ss2,Fx,S008,0.09829045482713022,0.9288498549450959
wo_biomech_arch,ss2,Fx,S009,0.13496401854846826,0.8802238251284084
wo_biomech_arch,ss2,Fx,S010,0.09098183139311079,0.9299921588642724
wo_biomech_arch,ss2,Fx,S011,0.08626600992381221,0.9333425833951309
wo_biomech_arch,ss2,Fx,S012,0.08601649485534921,0.9550056365665334
wo_biomech_arch,ss2,Fx,S013,0.08807188180366755,0.9399547198166831
wo_biomech_arch,ss2,Fx,S015,0.0766234876103733,0.9552995508117689
wo_biomech_arch,ss2,Fx,S016,0.09647688688112564,0.9306756265450107
wo_biomech_arch,ss2,Fx,S017,0.0535832042640193,0.9768524835547778
wo_biomech_arch,ss2,Fx,S018,0.09378897769311238,0.9277364386453528
wo_biomech_arch,ss2,Fx,S019,0.14156558556083024,0.8606154163590087
wo_biomech_arch,ss2,Fz,S001,0.06738003605244461,0.9751937348112967
wo_biomech_arch,ss2,Fz,S002,0.07606265883355802,0.9697593875519446
wo_biomech_arch,ss2,Fz,S003,0.061538260085428335,0.9773073303865026
wo_biomech_arch,ss2,Fz,S004,0.09479557168312164,0.9593595117550463
wo_biomech_arch,ss2,Fz,S005,0.10636208674233741,0.9541804136172449
wo_biomech_arch,ss2,Fz,S006,0.0742625022613943,0.9688489171816581
wo_biomech_arch,ss2,Fz,S007,0.07828833752240703,0.9587228914053408
wo_biomech_arch,ss2,Fz,S008,0.12122242425137808,0.9541254143054612
wo_biomech_arch,ss2,Fz,S009,0.10858765019142946,0.9267682762066861
wo_biomech_arch,ss2,Fz,S010,0.05883237465505727,0.9744179940415532
wo_biomech_arch,ss2,Fz,S011,0.11154131672352292,0.9688008928067109
wo_biomech_arch,ss2,Fz,S012,0.06338174117305287,0.979661395159841
wo_biomech_arch,ss2,Fz,S013,0.08776600519553478,0.9441488532866158
wo_biomech_arch,ss2,Fz,S015,0.060411497855727546,0.9771973549239035
wo_biomech_arch,ss2,Fz,S016,0.09158601332895669,0.9489444135593478
wo_biomech_arch,ss2,Fz,S017,0.05738955889769016,0.9776940093374595
wo_biomech_arch,ss2,Fz,S018,0.0771995006472001,0.9664685447026472
wo_biomech_arch,ss2,Fz,S019,0.07899780515712115,0.9665116888129572
wo_biomech_arch,ss3,Fx,S001,0.06375909691864351,0.9665668960503695
wo_biomech_arch,ss3,Fx,S002,0.09082059525425962,0.9358136441488777
wo_biomech_arch,ss3,Fx,S003,0.056541833167735,0.9746535194699454
wo_biomech_arch,ss3,Fx,S004,0.059686707319759016,0.9711062095232257
wo_biomech_arch,ss3,Fx,S005,0.09287852597632262,0.9266115329885611
wo_biomech_arch,ss3,Fx,S006,0.09746030507510624,0.9331696626285043
wo_biomech_arch,ss3,Fx,S007,0.059772681999194416,0.9705974430452576
wo_biomech_arch,ss3,Fx,S008,0.10544883388362832,0.9224337458683782
wo_biomech_arch,ss3,Fx,S009,0.10975326195651786,0.9117979356026645
wo_biomech_arch,ss3,Fx,S010,0.0661561371234218,0.9652420530744262
wo_biomech_arch,ss3,Fx,S012,0.05810976676072208,0.9778476889340626
wo_biomech_arch,ss3,Fx,S013,0.0797111888498556,0.9463042065183659
wo_biomech_arch,ss3,Fx,S014,0.12603371825893517,0.8549438639946786
wo_biomech_arch,ss3,Fx,S015,0.08389745149874805,0.9428496769832704
wo_biomech_arch,ss3,Fx,S016,0.15367543777347473,0.7996778908739702
wo_biomech_arch,ss3,Fx,S017,0.059860727572982546,0.9735093425086
wo_biomech_arch,ss3,Fx,S018,0.05722354306776925,0.9724709464292295
wo_biomech_arch,ss3,Fx,S019,0.07042526721070075,0.9628247175954491
wo_biomech_arch,ss3,Fz,S001,0.060258807850053955,0.9836150248550557
wo_biomech_arch,ss3,Fz,S002,0.07203745167576857,0.9746342108541267
wo_biomech_arch,ss3,Fz,S003,0.05422002596021031,0.9843981678054617
wo_biomech_arch,ss3,Fz,S004,0.06011832271138116,0.9825691664202506
wo_biomech_arch,ss3,Fz,S005,0.08428088046000984,0.9594728307869234
wo_biomech_arch,ss3,Fz,S006,0.06753233747851102,0.9769899032539623
wo_biomech_arch,ss3,Fz,S007,0.06156490278076916,0.9788818745693608
wo_biomech_arch,ss3,Fz,S008,0.10440608592189718,0.9660443722341293
wo_biomech_arch,ss3,Fz,S009,0.12595653143936164,0.919007161285431
wo_biomech_arch,ss3,Fz,S010,0.05826493614347733,0.9792948631803575
wo_biomech_arch,ss3,Fz,S012,0.06728896982932857,0.9783177857110604
wo_biomech_arch,ss3,Fz,S013,0.07573406745325874,0.9639831327645679
wo_biomech_arch,ss3,Fz,S014,0.09594948891695039,0.952750562074
wo_biomech_arch,ss3,Fz,S015,0.05180701369312955,0.9836675614834955
wo_biomech_arch,ss3,Fz,S016,0.08614684126997342,0.9626368038249584
wo_biomech_arch,ss3,Fz,S017,0.07562862797473882,0.9748287232845224
wo_biomech_arch,ss3,Fz,S018,0.05169331451491681,0.9871749083057764
wo_biomech_arch,ss3,Fz,S019,0.06777239269176162,0.9780498119911966
wo_com_to_grf_mapper,ss1,Fx,S001,0.10843482235497133,0.9046313652035534
wo_com_to_grf_mapper,ss1,Fx,S002,0.12706943723922431,0.8645137466880032
wo_com_to_grf_mapper,ss1,Fx,S003,0.08593773546134073,0.9409785644592785
wo_com_to_grf_mapper,ss1,Fx,S004,0.06783813767444846,0.9683641855217143
wo_com_to_grf_mapper,ss1,Fx,S005,0.07408443725245592,0.951521805770675
wo_com_to_grf_mapper,ss1,Fx,S006,0.08433066568407009,0.9576273898237637
wo_com_to_grf_mapper,ss1,Fx,S007,0.07187159793541487,0.9556255539525454
wo_com_to_grf_mapper,ss1,Fx,S008,0.07584147541559562,0.962775854412969
wo_com_to_grf_mapper,ss1,Fx,S009,0.08202344310157178,0.9434664602154221
wo_com_to_grf_mapper,ss1,Fx,S010,0.08284773790550318,0.9439553420144858
wo_com_to_grf_mapper,ss1,Fx,S011,0.06929782238345622,0.9664210478031394
wo_com_to_grf_mapper,ss1,Fx,S012,0.08415461157739328,0.9614559957515162
wo_com_to_grf_mapper,ss1,Fx,S013,0.0887216184501504,0.9366747379534985
wo_com_to_grf_mapper,ss1,Fx,S014,0.09383457554495929,0.9266287651908983
wo_com_to_grf_mapper,ss1,Fx,S015,0.08107624328960379,0.9421775931967524
wo_com_to_grf_mapper,ss1,Fx,S016,0.2158819717678717,0.6214993792192925
wo_com_to_grf_mapper,ss1,Fx,S017,0.06337798506514601,0.9648584778279488
wo_com_to_grf_mapper,ss1,Fx,S018,0.07483414239240538,0.95890883332745
wo_com_to_grf_mapper,ss1,Fx,S019,0.10761111655442955,0.9178132241194664
wo_com_to_grf_mapper,ss1,Fz,S001,0.09697200215212097,0.9445958695655063
wo_com_to_grf_mapper,ss1,Fz,S002,0.08645416886365469,0.9389989808212315
wo_com_to_grf_mapper,ss1,Fz,S003,0.07776440826384191,0.9574542751126982
wo_com_to_grf_mapper,ss1,Fz,S004,0.07942595039469898,0.9697862492601398
wo_com_to_grf_mapper,ss1,Fz,S005,0.1070730366008976,0.9471723702986593
wo_com_to_grf_mapper,ss1,Fz,S006,0.06922553355262233,0.9651981569366667
wo_com_to_grf_mapper,ss1,Fz,S007,0.08976015233652075,0.9375362313667859
wo_com_to_grf_mapper,ss1,Fz,S008,0.10462314148074557,0.9597588999055615
wo_com_to_grf_mapper,ss1,Fz,S009,0.09624894672893469,0.9253627582816287
wo_com_to_grf_mapper,ss1,Fz,S010,0.0660829188093682,0.9545124241618689
wo_com_to_grf_mapper,ss1,Fz,S011,0.1071254970325291,0.965038892775479
wo_com_to_grf_mapper,ss1,Fz,S012,0.09260697642252212,0.9623076875343692
wo_com_to_grf_mapper,ss1,Fz,S013,0.10266147433155601,0.9390734617546662
wo_com_to_grf_mapper,ss1,Fz,S014,0.11149254577328968,0.9145388298460865
wo_com_to_grf_mapper,ss1,Fz,S015,0.0704949109462898,0.9723229338090777
wo_com_to_grf_mapper,ss1,Fz,S016,0.16165991035818272,0.8048826052891218
wo_com_to_grf_mapper,ss1,Fz,S017,0.05272337974235498,0.9768165974936613
wo_com_to_grf_mapper,ss1,Fz,S018,0.07763005273980007,0.9766344372973521
wo_com_to_grf_mapper,ss1,Fz,S019,0.07390063352536479,0.9623371022187076
wo_com_to_grf_mapper,ss123,Fx,S001,0.0763209119966299,0.9584964131282127
wo_com_to_grf_mapper,ss123,Fx,S002,0.09927260335551073,0.9150258914847624
wo_com_to_grf_mapper,ss123,Fx,S003,0.0716240368009628,0.9607062864343445
wo_com_to_grf_mapper,ss123,Fx,S004,0.06908497365624303,0.9624678726759501
wo_com_to_grf_mapper,ss123,Fx,S005,0.07103334459869741,0.955354896423029
wo_com_to_grf_mapper,ss123,Fx,S006,0.09428401281689883,0.9379201768830034
wo_com_to_grf_mapper,ss123,Fx,S007,0.06017972812512451,0.9700201602523651
wo_com_to_grf_mapper,ss123,Fx,S008,0.0913789311456286,0.9387868400231737
wo_com_to_grf_mapper,ss123,Fx,S009,0.10169159153616232,0.9243826998150655
wo_com_to_grf_mapper,ss123,Fx,S010,0.06398189137395115,0.9668439063005012
wo_com_to_grf_mapper,ss123,Fx,S011,0.07033903533011478,0.9699090886733271
wo_com_to_grf_mapper,ss123,Fx,S012,0.07314418166673214,0.9656353451180316
wo_com_to_grf_mapper,ss123,Fx,S013,0.07822177311125036,0.9592409856668753
wo_com_to_grf_mapper,ss123,Fx,S014,0.09767318166685635,0.9213368969007514
wo_com_to_grf_mapper,ss123,Fx,S015,0.0768906038969418,0.9561452507607818
wo_com_to_grf_mapper,ss123,Fx,S016,0.12364013978487098,0.8755143111474966
wo_com_to_grf_mapper,ss123,Fx,S017,0.06023234788385712,0.9722872490970683
wo_com_to_grf_mapper,ss123,Fx,S018,0.07929177905088508,0.9507286517399318
wo_com_to_grf_mapper,ss123,Fx,S019,0.09058691168238235,0.938229808251494
wo_com_to_grf_mapper,ss123,Fz,S001,0.062243218829366134,0.9781032791661755
wo_com_to_grf_mapper,ss123,Fz,S002,0.07379992930177982,0.9634359712190319
wo_com_to_grf_mapper,ss123,Fz,S003,0.06602718593725734,0.9735866577280392
wo_com_to_grf_mapper,ss123,Fz,S004,0.07711669495089954,0.975238253431984
wo_com_to_grf_mapper,ss123,Fz,S005,0.09190669429428726,0.9608766474741253
wo_com_to_grf_mapper,ss123,Fz,S006,0.06769921055292491,0.9726132732444436
wo_com_to_grf_mapper,ss123,Fz,S007,0.06926552004424577,0.9718583065732725
wo_com_to_grf_mapper,ss123,Fz,S008,0.11660962643644447,0.9607254261637694
wo_com_to_grf_mapper,ss123,Fz,S009,0.11247926278261898,0.92022258683795
wo_com_to_grf_mapper,ss123,Fz,S010,0.05990590644319822,0.9727863952549326
wo_com_to_grf_mapper,ss123,Fz,S011,0.10900086972251424,0.9715285609742829
wo_com_to_grf_mapper,ss123,Fz,S012,0.06729347106231204,0.9731363454369281
wo_com_to_grf_mapper,ss123,Fz,S013,0.08595193409359458,0.9559067557543345
wo_com_to_grf_mapper,ss123,Fz,S014,0.11390809685317255,0.9217346450118068
wo_com_to_grf_mapper,ss123,Fz,S015,0.055964080241420626,0.9776304041856266
wo_com_to_grf_mapper,ss123,Fz,S016,0.1007083732039904,0.9392556954340535
wo_com_to_grf_mapper,ss123,Fz,S017,0.06136675119668221,0.9805587953395919
wo_com_to_grf_mapper,ss123,Fz,S018,0.06038305238345206,0.9809651419026084
wo_com_to_grf_mapper,ss123,Fz,S019,0.06908010388538013,0.9738754253067544
wo_com_to_grf_mapper,ss2,Fx,S001,0.07214110472310994,0.9672429699185215
wo_com_to_grf_mapper,ss2,Fx,S002,0.08730229948525223,0.9444648271886312
wo_com_to_grf_mapper,ss2,Fx,S003,0.06546796687215566,0.9668189382922263
wo_com_to_grf_mapper,ss2,Fx,S004,0.08039424036841053,0.9531080120328234
wo_com_to_grf_mapper,ss2,Fx,S005,0.06613083187968863,0.9635535614775803
wo_com_to_grf_mapper,ss2,Fx,S006,0.08869807447206189,0.9465066951880187
wo_com_to_grf_mapper,ss2,Fx,S007,0.06842437490002544,0.9591814114579742
wo_com_to_grf_mapper,ss2,Fx,S008,0.0990797586046027,0.9250320038019096
wo_com_to_grf_mapper,ss2,Fx,S009,0.12313770288312204,0.8768565741891484
wo_com_to_grf_mapper,ss2,Fx,S010,0.07353046669754067,0.9551901435230854
wo_com_to_grf_mapper,ss2,Fx,S011,0.07141724668713806,0.9493097517905315
wo_com_to_grf_mapper,ss2,Fx,S012,0.07993464668468431,0.9569133769705856
wo_com_to_grf_mapper,ss2,Fx,S013,0.06594977178366358,0.965676725451416
wo_com_to_grf_mapper,ss2,Fx,S015,0.06286208804211883,0.9676510992294867
wo_com_to_grf_mapper,ss2,Fx,S016,0.08585798051678274,0.9473956308047805
wo_com_to_grf_mapper,ss2,Fx,S017,0.05644341743554908,0.9738698116256709
wo_com_to_grf_mapper,ss2,Fx,S018,0.10817629187358956,0.9055711713161588
wo_com_to_grf_mapper,ss2,Fx,S019,0.11929349348807815,0.8953613055445083
wo_com_to_grf_mapper,ss2,Fz,S001,0.06567924166875033,0.9818181537825528
wo_com_to_grf_mapper,ss2,Fz,S002,0.0642160321755487,0.974543560199211
wo_com_to_grf_mapper,ss2,Fz,S003,0.060477981458796314,0.9793783278311795
wo_com_to_grf_mapper,ss2,Fz,S004,0.08037968523468664,0.9654703741621578
wo_com_to_grf_mapper,ss2,Fz,S005,0.1098695237566059,0.9603513436835506
wo_com_to_grf_mapper,ss2,Fz,S006,0.0735674754770719,0.9679963746278694
wo_com_to_grf_mapper,ss2,Fz,S007,0.08339551079257282,0.9595069543748608
wo_com_to_grf_mapper,ss2,Fz,S008,0.12252566730200784,0.9627583730188196
wo_com_to_grf_mapper,ss2,Fz,S009,0.10592218246596886,0.929564618728156
wo_com_to_grf_mapper,ss2,Fz,S010,0.0666934716165937,0.9669624514666393
wo_com_to_grf_mapper,ss2,Fz,S011,0.09542180505475904,0.974773313827279
wo_com_to_grf_mapper,ss2,Fz,S012,0.07774921015588472,0.9757829435896753
wo_com_to_grf_mapper,ss2,Fz,S013,0.08372352850396307,0.9536641011546518
wo_com_to_grf_mapper,ss2,Fz,S015,0.053236026345620434,0.9803165685816767
wo_com_to_grf_mapper,ss2,Fz,S016,0.07846403322840742,0.9646654047204777
wo_com_to_grf_mapper,ss2,Fz,S017,0.050633955209458896,0.9795485495523487
wo_com_to_grf_mapper,ss2,Fz,S018,0.07138303968992214,0.9760570240842165
wo_com_to_grf_mapper,ss2,Fz,S019,0.07638557346525526,0.9659509886649713
wo_com_to_grf_mapper,ss3,Fx,S001,0.05735609225256945,0.9718939833365521
wo_com_to_grf_mapper,ss3,Fx,S002,0.09078770170969898,0.9337453392937195
wo_com_to_grf_mapper,ss3,Fx,S003,0.038419068080596634,0.9889089604222502
wo_com_to_grf_mapper,ss3,Fx,S004,0.05486110996743557,0.9761071303309601
wo_com_to_grf_mapper,ss3,Fx,S005,0.0753429546165931,0.9538007925112597
wo_com_to_grf_mapper,ss3,Fx,S006,0.0980823174813314,0.9354044712096281
wo_com_to_grf_mapper,ss3,Fx,S007,0.05103356175101311,0.98022502133224
wo_com_to_grf_mapper,ss3,Fx,S008,0.09709296064948893,0.933871203391597
wo_com_to_grf_mapper,ss3,Fx,S009,0.10449956610407145,0.9187102143898639
wo_com_to_grf_mapper,ss3,Fx,S010,0.06251303653418754,0.9672305578095645
wo_com_to_grf_mapper,ss3,Fx,S012,0.057609865690779145,0.9765055480070887
wo_com_to_grf_mapper,ss3,Fx,S013,0.06580629136952329,0.9654856142375434
wo_com_to_grf_mapper,ss3,Fx,S014,0.09876788520257127,0.9095246136557824
wo_com_to_grf_mapper,ss3,Fx,S015,0.08612455857685333,0.9360649684744332
wo_com_to_grf_mapper,ss3,Fx,S016,0.1198840840156939,0.8867188879031928
wo_com_to_grf_mapper,ss3,Fx,S017,0.061595037439489714,0.9710555071577877
wo_com_to_grf_mapper,ss3,Fx,S018,0.056274764363486864,0.9730975976083115
wo_com_to_grf_mapper,ss3,Fx,S019,0.06930869342446284,0.9653403854447481
wo_com_to_grf_mapper,ss3,Fz,S001,0.060990122278143655,0.9843769775063764
wo_com_to_grf_mapper,ss3,Fz,S002,0.07584476587148493,0.9700424924699729
wo_com_to_grf_mapper,ss3,Fz,S003,0.05359365105140553,0.9865232497709202
wo_com_to_grf_mapper,ss3,Fz,S004,0.048868651631538536,0.987581671946886
wo_com_to_grf_mapper,ss3,Fz,S005,0.08295501084259813,0.962533891005906
wo_com_to_grf_mapper,ss3,Fz,S006,0.06914725729531053,0.9768688506714712
wo_com_to_grf_mapper,ss3,Fz,S007,0.06316954719535903,0.9795661730223779
wo_com_to_grf_mapper,ss3,Fz,S008,0.09086783698901531,0.9718916660298191
wo_com_to_grf_mapper,ss3,Fz,S009,0.09632151232020215,0.9557896644611131
wo_com_to_grf_mapper,ss3,Fz,S010,0.05253776726566523,0.983231692460522
wo_com_to_grf_mapper,ss3,Fz,S012,0.06109451187065795,0.9800524045945616
wo_com_to_grf_mapper,ss3,Fz,S013,0.06588933632210968,0.9733672613427415
wo_com_to_grf_mapper,ss3,Fz,S014,0.09028883259648234,0.9556650479770924
wo_com_to_grf_mapper,ss3,Fz,S015,0.045001390162806784,0.9872771724064489
wo_com_to_grf_mapper,ss3,Fz,S016,0.08534197794048659,0.9689185083921518
wo_com_to_grf_mapper,ss3,Fz,S017,0.06682155332716266,0.9760665087467717
wo_com_to_grf_mapper,ss3,Fz,S018,0.052052750904214365,0.9887303363123344
wo_com_to_grf_mapper,ss3,Fz,S019,0.056948395205265005,0.9845200751951731
wo_cross_attention,ss1,Fx,S001,0.09828581456023855,0.9318797662897694
wo_cross_attention,ss1,Fx,S002,0.14113794198622723,0.8736897557189246
wo_cross_attention,ss1,Fx,S003,0.08891416792098154,0.9335044685474135
wo_cross_attention,ss1,Fx,S004,0.06540674810804067,0.9682661864038093
wo_cross_attention,ss1,Fx,S005,0.07913154507878732,0.9482970476483534
wo_cross_attention,ss1,Fx,S006,0.08694052921677677,0.9574682419167911
wo_cross_attention,ss1,Fx,S007,0.07907080429699213,0.9496592259566449
wo_cross_attention,ss1,Fx,S008,0.07591043608596534,0.9603369243412622
wo_cross_attention,ss1,Fx,S009,0.11146803981800042,0.9043049255522776
wo_cross_attention,ss1,Fx,S010,0.08323157450812152,0.937362337877047
wo_cross_attention,ss1,Fx,S011,0.07715198025739609,0.9624127130087181
wo_cross_attention,ss1,Fx,S012,0.0707011414817255,0.9721302500503602
wo_cross_attention,ss1,Fx,S013,0.09089662983736037,0.933214006721332
wo_cross_attention,ss1,Fx,S014,0.09745229906662894,0.9158544862560722
wo_cross_attention,ss1,Fx,S015,0.0799109739069257,0.9453206937642409
wo_cross_attention,ss1,Fx,S016,0.22378228795111604,0.5785209758330992
wo_cross_attention,ss1,Fx,S017,0.06594670405080906,0.9652292830260786
wo_cross_attention,ss1,Fx,S018,0.07483540733230185,0.9587473767561361
wo_cross_attention,ss1,Fx,S019,0.12384282858562712,0.907406274266702
wo_cross_attention,ss1,Fz,S001,0.08968878778326286,0.9511197815563154
wo_cross_attention,ss1,Fz,S002,0.09375437536562815,0.935741158002734
wo_cross_attention,ss1,Fz,S003,0.07871437524744442,0.9589415380877692
wo_cross_attention,ss1,Fz,S004,0.08663421539504328,0.965374518549667
wo_cross_attention,ss1,Fz,S005,0.10192419819730371,0.9464900176424963
wo_cross_attention,ss1,Fz,S006,0.06937224193632903,0.963492404233155
wo_cross_attention,ss1,Fz,S007,0.09169913236904105,0.9298769036185563
wo_cross_attention,ss1,Fz,S008,0.11852879093828038,0.9448471526164672
wo_cross_attention,ss1,Fz,S009,0.11122087856133425,0.9019181808114236
wo_cross_attention,ss1,Fz,S010,0.07232232429570588,0.9455861227414799
wo_cross_attention,ss1,Fz,S011,0.12264021833735052,0.9686065969634837
wo_cross_attention,ss1,Fz,S012,0.07451148346884483,0.9526966840825303
wo_cross_attention,ss1,Fz,S013,0.09352646403357517,0.9363046332322766
wo_cross_attention,ss1,Fz,S014,0.10949654250796749,0.9095625107246497
wo_cross_attention,ss1,Fz,S015,0.06534660633098402,0.97001269184615
wo_cross_attention,ss1,Fz,S016,0.16849994643750574,0.7858488705433837
wo_cross_attention,ss1,Fz,S017,0.05406159443695349,0.9746395359798415
wo_cross_attention,ss1,Fz,S018,0.05721188883550056,0.9798360397966287
wo_cross_attention,ss1,Fz,S019,0.07808244165498565,0.9603170788742335
wo_cross_attention,ss123,Fx,S001,0.08172112225645337,0.9580116291380204
wo_cross_attention,ss123,Fx,S002,0.10292236795739258,0.9095055739630097
wo_cross_attention,ss123,Fx,S003,0.06459332190020982,0.9695463829310876
wo_cross_attention,ss123,Fx,S004,0.07835084185066878,0.9511028797870994
wo_cross_attention,ss123,Fx,S005,0.07460047587402602,0.9516363872394527
wo_cross_attention,ss123,Fx,S006,0.09792997808627737,0.9345368519657962
wo_cross_attention,ss123,Fx,S007,0.06550191235755438,0.9635384653246207
wo_cross_attention,ss123,Fx,S008,0.08627104883563418,0.9446950148903699
wo_cross_attention,ss123,Fx,S009,0.13743022748709782,0.8792089755925317
wo_cross_attention,ss123,Fx,S010,0.06742678493447242,0.9641821703303527
wo_cross_attention,ss123,Fx,S011,0.07476198865215684,0.9609558444311943
wo_cross_attention,ss123,Fx,S012,0.07346608072139156,0.9641681218569668
wo_cross_attention,ss123,Fx,S013,0.08836714684258189,0.9399459361286104
wo_cross_attention,ss123,Fx,S014,0.10365850888888353,0.9060520923083256
wo_cross_attention,ss123,Fx,S015,0.08405717296951436,0.9524182952264643
wo_cross_attention,ss123,Fx,S016,0.1266083954911181,0.8686485004097001
wo_cross_attention,ss123,Fx,S017,0.06722897109774403,0.9662278112295637
wo_cross_attention,ss123,Fx,S018,0.07529213111081835,0.9524850691644549
wo_cross_attention,ss123,Fx,S019,0.11188136681496334,0.9069669049893071
wo_cross_attention,ss123,Fz,S001,0.06518028559670515,0.9754291294213938
wo_cross_attention,ss123,Fz,S002,0.08677639074108341,0.9601271139220448
wo_cross_attention,ss123,Fz,S003,0.06141123499659587,0.9760691374415406
wo_cross_attention,ss123,Fz,S004,0.07530792489821532,0.9734889759410278
wo_cross_attention,ss123,Fz,S005,0.09983426751696885,0.9549036297904644
wo_cross_attention,ss123,Fz,S006,0.06967259552630316,0.9694588649893182
wo_cross_attention,ss123,Fz,S007,0.06932059355950397,0.9664019697448322
wo_cross_attention,ss123,Fz,S008,0.11363849634249508,0.9613365968407329
wo_cross_attention,ss123,Fz,S009,0.11512903915211792,0.9259638066704476
wo_cross_attention,ss123,Fz,S010,0.05671717961741053,0.9755310694578831
wo_cross_attention,ss123,Fz,S011,0.10532643369901439,0.972716418819175
wo_cross_attention,ss123,Fz,S012,0.07048565541327732,0.9683500434862701
wo_cross_attention,ss123,Fz,S013,0.08512178717433586,0.9539136781836121
wo_cross_attention,ss123,Fz,S014,0.10120058042922726,0.9290890719047006
wo_cross_attention,ss123,Fz,S015,0.05304267275557725,0.9790690878413225
wo_cross_attention,ss123,Fz,S016,0.09575119756282503,0.9364374898012809
wo_cross_attention,ss123,Fz,S017,0.06414169305392921,0.9739262080444425
wo_cross_attention,ss123,Fz,S018,0.059686439831144474,0.9820885312135689
wo_cross_attention,ss123,Fz,S019,0.0707915584237204,0.9723498677934089
wo_cross_attention,ss2,Fx,S001,0.08290121587988426,0.9506241240538893
wo_cross_attention,ss2,Fx,S002,0.09763165707804025,0.9259426485997921
wo_cross_attention,ss2,Fx,S003,0.05872643180241289,0.9782141883006226
wo_cross_attention,ss2,Fx,S004,0.09037520866433453,0.9318223744252907
wo_cross_attention,ss2,Fx,S005,0.07858377025541612,0.9428050891566777
wo_cross_attention,ss2,Fx,S006,0.09391277910521442,0.9385011928552164
wo_cross_attention,ss2,Fx,S007,0.07082333693087808,0.9562527569404997
wo_cross_attention,ss2,Fx,S008,0.09102510383278177,0.9310587677365176
wo_cross_attention,ss2,Fx,S009,0.13602276368980257,0.8502428610002178
wo_cross_attention,ss2,Fx,S010,0.06761900910208994,0.9649480734508277
wo_cross_attention,ss2,Fx,S011,0.08170594505102619,0.9357532424487675
wo_cross_attention,ss2,Fx,S012,0.08564978449137016,0.950632995174981
wo_cross_attention,ss2,Fx,S013,0.08071857019428805,0.9484649298690254
wo_cross_attention,ss2,Fx,S015,0.06139519947497627,0.9696233201027566
wo_cross_attention,ss2,Fx,S016,0.06887097809073946,0.9639019153771919
wo_cross_attention,ss2,Fx,S017,0.05707397223436125,0.9725833666920568
wo_cross_attention,ss2,Fx,S018,0.09709981782100874,0.9246515636215141
wo_cross_attention,ss2,Fx,S019,0.126142051865088,0.8876491607533544
wo_cross_attention,ss2,Fz,S001,0.06517448954132327,0.9763081760668897
wo_cross_attention,ss2,Fz,S002,0.0737778211695924,0.9693999767818549
wo_cross_attention,ss2,Fz,S003,0.05853655478236867,0.980669386958749
wo_cross_attention,ss2,Fz,S004,0.09207268927361806,0.9624376890836144
wo_cross_attention,ss2,Fz,S005,0.11275069140965009,0.9487282529878954
wo_cross_attention,ss2,Fz,S006,0.06985096550702785,0.9679636937237202
wo_cross_attention,ss2,Fz,S007,0.06994647011382017,0.9677868426981769
wo_cross_attention,ss2,Fz,S008,0.11688296742922547,0.9591805358776077
wo_cross_attention,ss2,Fz,S009,0.10395800195568991,0.932077325292685
wo_cross_attention,ss2,Fz,S010,0.06144015653613683,0.9711986059210586
wo_cross_attention,ss2,Fz,S011,0.08872212461747574,0.9761419717946801
wo_cross_attention,ss2,Fz,S012,0.07028403519898001,0.9751533502683487
wo_cross_attention,ss2,Fz,S013,0.08141534744562413,0.9541925782460473
wo_cross_attention,ss2,Fz,S015,0.055330702820212976,0.9800006863132836
wo_cross_attention,ss2,Fz,S016,0.08366631337998984,0.960785436369218
wo_cross_attention,ss2,Fz,S017,0.05257026740633809,0.9791182204734658
wo_cross_attention,ss2,Fz,S018,0.07174794315249523,0.9732221193859382
wo_cross_attention,ss2,Fz,S019,0.07472037893576634,0.9688639584420518
wo_cross_attention,ss3,Fx,S001,0.057659581664894995,0.9711041524010015
wo_cross_attention,ss3,Fx,S002,0.10834949206447557,0.9011602165666308
wo_cross_attention,ss3,Fx,S003,0.048493234567646454,0.9840535533630138
wo_cross_attention,ss3,Fx,S004,0.05364603533834268,0.9760997346429785
wo_cross_attention,ss3,Fx,S005,0.08066183820706357,0.9448528811163398
wo_cross_attention,ss3,Fx,S006,0.10210770759103388,0.9262816449681656
wo_cross_attention,ss3,Fx,S007,0.051934445780780165,0.9814565941934666
wo_cross_attention,ss3,Fx,S008,0.11638346830322009,0.8987424834690039
wo_cross_attention,ss3,Fx,S009,0.10221648948451595,0.9309633298198468
wo_cross_attention,ss3,Fx,S010,0.057654784418548655,0.9693722077783785
wo_cross_attention,ss3,Fx,S012,0.05766171165445595,0.9769089364133112
wo_cross_attention,ss3,Fx,S013,0.06647364634293167,0.967386648427057
wo_cross_attention,ss3,Fx,S014,0.10867493967019363,0.8929808239515237
wo_cross_attention,ss3,Fx,S015,0.06827919587773441,0.9646920435132748
wo_cross_attention,ss3,Fx,S016,0.07390815574159965,0.9587463148808731
wo_cross_attention,ss3,Fx,S017,0.05651821617405472,0.9758137512510059
wo_cross_attention,ss3,Fx,S018,0.0613155973599367,0.9674833406354736
wo_cross_attention,ss3,Fx,S019,0.06835769535511911,0.9660483426417353
wo_cross_attention,ss3,Fz,S001,0.05542399686178035,0.985251453450158
wo_cross_attention,ss3,Fz,S002,0.07645810651433137,0.972431286034652
wo_cross_attention,ss3,Fz,S003,0.05392313114339204,0.9840966185098142
wo_cross_attention,ss3,Fz,S004,0.0527275523497732,0.9856672686400274
wo_cross_attention,ss3,Fz,S005,0.08549436168511136,0.9629709257376275
wo_cross_attention,ss3,Fz,S006,0.07390966832150563,0.9748263835116017
wo_cross_attention,ss3,Fz,S007,0.06060311685292882,0.9792219304213752
wo_cross_attention,ss3,Fz,S008,0.10427179631996618,0.9655190339347812
wo_cross_attention,ss3,Fz,S009,0.10491138342499234,0.9468648943615388
wo_cross_attention,ss3,Fz,S010,0.05233946299130233,0.9816897300618187
wo_cross_attention,ss3,Fz,S012,0.06070925762705589,0.9805457954920048
wo_cross_attention,ss3,Fz,S013,0.08330874400896274,0.9601183420128145
wo_cross_attention,ss3,Fz,S014,0.08424116894398254,0.9613214675243615
wo_cross_attention,ss3,Fz,S015,0.04761451794593939,0.9866336231775694
wo_cross_attention,ss3,Fz,S016,0.08799633726972454,0.9600111309552087
wo_cross_attention,ss3,Fz,S017,0.06250680738379351,0.9773727933019101
wo_cross_attention,ss3,Fz,S018,0.049058214541559925,0.9889540674177137
wo_cross_attention,ss3,Fz,S019,0.05489933772828236,0.9858506029791209
